ROW_ID,LONGITUDE,LATITUDE,CRASH_TIME
74775,-73.8142,40.7045,00:00:00
74853,-73.9344,40.7460,03:24:00
74686,-73.8745,40.7433,09:44:00
74736,-74.1470,40.5732,18:10:00
74577,-73.9519,40.6921,07:36:00
74699,-74.0110,40.7163,04:56:00
74819,-73.9189,40.8611,04:25:00
74702,-73.9241,40.8425,05:51:00
74618,-73.9069,40.8427,04:15:00
74490,-73.8381,40.6713,22:15:00
74718,-73.8502,40.8283,04:46:00
74159,NULL,NULL,20:24:00
74757,-73.9872,40.5782,01:09:00
74107,-73.9446,40.6731,00:10:00
74199,-73.8374,40.6738,22:15:00
73500,-73.8444,40.8695,04:50:00
73610,-73.9247,40.8107,00:24:00
73895,-74.1021,40.5848,20:20:00
73976,NULL,NULL,05:00:00
74172,-73.8681,40.8582,21:58:00
73311,-73.8861,40.6671,01:45:00
73288,-73.9556,40.7643,06:45:00
74631,-74.0864,40.6107,03:30:00
74195,-74.1216,40.6106,15:00:00
74722,-73.8704,40.7622,04:20:00
73160,-73.9238,40.8644,22:00:00
72376,-73.9806,40.5793,00:11:00
72474,-73.8206,40.6851,19:40:00
71882,-73.9368,40.7902,22:53:00
74658,-74.0778,40.6441,01:50:00
71824,-73.9003,40.8371,17:35:00
74822,-73.9895,40.6234,02:25:00
71560,-74.1866,40.6032,03:08:00
71031,-73.9726,40.7451,19:03:00
70489,-73.8753,40.7630,04:15:00
70552,-73.7713,40.7642,01:56:00
70631,-73.8902,40.8635,02:15:00
70402,NULL,NULL,21:05:00
70019,-73.8016,40.6664,04:56:00
70364,-73.9895,40.7179,02:35:00
70868,-74.1332,40.5523,21:22:00
71535,-74.1759,40.6231,00:15:00
72527,-73.8574,40.8263,08:29:00
70045,-73.8718,40.8303,05:40:00
70756,-73.8689,40.8249,23:40:00
70141,-73.9334,40.7583,02:53:00
70367,-73.9680,40.5937,04:19:00
71170,-73.9392,40.5961,15:30:00
69883,-74.1025,40.6347,05:25:00
70116,-73.8395,40.6575,14:29:00
70266,-74.0058,40.7257,03:33:00
70485,-73.8510,40.8840,02:30:00
70471,-73.7693,40.7120,22:30:00
70278,-73.8024,40.6979,20:00:00
73485,-73.9856,40.7315,04:43:00
70669,-73.9705,40.6242,23:27:00
69430,-74.0789,40.6112,14:30:00
68974,-73.9073,40.7425,18:20:00
68555,-74.0171,40.6473,03:00:00
68870,-73.9157,40.8517,00:00:00
68931,-73.9848,40.7014,12:40:00
69478,NULL,NULL,01:05:00
68425,-73.8959,40.6519,08:00:00
69192,-74.1698,40.5414,01:00:00
67784,-73.9330,40.5946,01:46:00
67424,-73.8947,40.7426,04:00:00
68104,-74.0129,40.6282,23:16:00
67636,-74.0011,40.6030,23:05:00
70421,-73.9141,40.8201,01:20:00
72661,-73.8988,40.6420,02:15:00
66666,-73.9882,40.7186,02:20:00
67714,-73.9743,40.6321,17:40:00
66674,NULL,NULL,23:40:00
67261,-73.9079,40.6736,14:50:00
66807,-73.8806,40.7501,02:15:00
67082,NULL,NULL,07:21:00
67206,-73.8978,40.7352,19:25:00
67011,-73.9060,40.8494,05:28:00
66383,-73.9967,40.6651,00:30:00
67233,-73.9231,40.6467,11:45:00
66331,-73.9901,40.6210,21:45:00
67406,-73.9228,40.8174,18:45:00
70656,NULL,NULL,16:55:00
68755,-73.9159,40.8364,20:10:00
66876,-73.8590,40.8380,16:40:00
66389,-73.8710,40.8226,18:07:00
67040,-73.8169,40.6902,23:30:00
66023,-73.9325,40.6186,13:15:00
66096,-73.8573,40.6839,04:20:00
66407,-73.9116,40.7083,08:55:00
65963,NULL,NULL,01:05:00
66162,NULL,NULL,03:55:00
70593,-74.2178,40.5532,23:17:00
66653,-73.9073,40.6612,19:55:00
66013,-73.9065,40.8387,13:48:00
67184,-73.9287,40.8398,03:13:00
70704,-73.7699,40.7159,22:35:00
66425,-74.1690,40.5401,00:23:00
66984,-73.9611,40.6641,23:20:00
66136,NULL,NULL,03:10:00
65564,-73.9452,40.5925,00:00:00
67670,-73.9515,40.7995,22:50:00
65675,-73.7745,40.6703,23:45:00
65532,-73.9348,40.8438,16:45:00
67155,-73.8789,40.6864,02:40:00
67095,NULL,NULL,02:25:00
64955,-74.1470,40.5732,19:45:00
64896,NULL,NULL,03:15:00
64555,-73.8735,40.7587,00:22:00
64633,-73.7463,40.6913,10:20:00
64931,-73.9423,40.7989,02:15:00
64581,-73.9736,40.7646,23:00:00
63868,-73.9405,40.8031,01:05:00
65386,-73.9813,40.7207,19:45:00
63432,-73.9088,40.8280,01:31:00
66401,-73.9033,40.6634,21:44:00
63555,NULL,NULL,23:15:00
63676,NULL,NULL,23:30:00
64174,-73.8822,40.6545,21:45:00
64000,-73.8611,40.6664,08:00:00
63410,-73.8830,40.7580,04:07:00
64712,-74.0710,40.6122,19:10:00
63219,-73.9658,40.5995,10:14:00
62611,-74.0269,40.6207,02:23:00
73435,-73.9081,40.6762,02:00:00
63154,-73.9601,40.7564,18:40:00
64527,-73.9652,40.7634,00:02:00
62663,-73.9057,40.8777,00:56:00
63218,-73.8719,40.8964,20:10:00
62508,-73.9214,40.8135,22:45:00
62419,-73.9510,40.6027,22:00:00
65207,-74.1015,40.6104,01:17:00
66530,-74.1443,40.6295,02:42:00
61834,-74.1203,40.5715,22:25:00
69163,-74.1698,40.5611,22:35:00
61355,-73.9206,40.7329,08:06:00
61474,-74.0145,40.6089,21:15:00
61048,-73.8768,40.7033,01:03:00
69423,-74.1577,40.6144,21:00:00
61060,-73.9047,40.8088,18:13:00
60253,-73.9315,40.7072,03:05:00
60610,-73.8525,40.8077,17:35:00
60721,NULL,NULL,19:00:00
60478,-73.9227,40.8205,08:00:00
63535,-73.9115,40.8896,00:00:00
60295,-73.9441,40.7818,02:00:00
60281,-73.8040,40.7537,18:40:00
60361,-73.9105,40.7132,06:00:00
60061,-73.7757,40.6734,04:10:00
60744,NULL,NULL,20:50:00
60352,-73.9269,40.6556,21:30:00
59881,-74.0003,40.6271,06:00:00
60539,-73.9686,40.6785,18:30:00
59913,-73.9048,40.8528,18:25:00
59325,-73.9168,40.8157,00:05:00
60023,NULL,NULL,13:20:00
60403,-73.8698,40.7538,03:50:00
60482,-73.9229,40.8588,16:05:00
60847,-74.0651,40.6012,21:00:00
63768,-73.9108,40.6623,23:30:00
60503,-73.9092,40.6673,14:20:00
59392,-73.9159,40.7587,08:05:00
61041,-73.9601,40.7156,20:20:00
59607,-73.8753,40.7630,03:30:00
59900,NULL,NULL,00:00:00
60571,-73.9403,40.6799,19:09:00
58834,-73.9466,40.7455,00:00:00
58462,-73.7247,40.7245,10:57:00
58682,-73.8859,40.8224,17:45:00
58398,-73.8000,40.6735,12:30:00
57844,-73.9391,40.8216,12:00:00
57849,NULL,NULL,03:17:00
58052,-73.8248,40.7420,22:45:00
58334,-73.9393,40.7233,17:35:00
58096,-73.9071,40.8367,07:25:00
57695,-73.8675,40.7574,04:58:00
57627,-73.8779,40.7667,02:45:00
58295,-73.9297,40.8566,14:40:00
57518,-73.9273,40.8306,05:00:00
57781,NULL,NULL,19:40:00
57537,-73.9259,40.8678,21:24:00
57393,-73.9775,40.6809,20:50:00
56992,-73.8622,40.7607,04:20:00
57177,NULL,NULL,14:00:00
57013,-73.8971,40.8986,01:44:00
56560,-73.7603,40.7617,02:45:00
57484,-73.9385,40.8338,23:04:00
58517,-73.8817,40.8408,11:00:00
56630,-73.9787,40.7286,03:00:00
56998,-73.9275,40.6773,21:21:00
56609,-73.9312,40.6678,03:50:00
57443,-73.9294,40.6977,23:55:00
60518,-73.9194,40.7700,21:49:00
57159,-73.9250,40.7638,23:35:00
56394,-73.9952,40.6661,16:20:00
57149,-73.9168,40.8157,16:37:00
56716,-73.8137,40.6935,20:11:00
56695,-74.0097,40.7388,22:52:00
59501,-73.8678,40.8753,04:20:00
56467,-73.8520,40.8801,23:50:00
56735,-73.9967,40.7536,19:09:00
57252,-74.0264,40.6226,10:57:00
55960,-73.9215,40.8110,07:00:00
55827,-73.8260,40.6900,23:20:00
58395,-73.8801,40.8952,01:28:00
55511,-73.7898,40.7162,15:15:00
59036,-73.9414,40.6282,01:45:00
54900,-73.9745,40.7467,09:58:00
55284,-73.8492,40.7382,17:22:00
55004,-74.0140,40.6382,20:40:00
56039,-73.8790,40.7620,13:30:00
55707,-73.8607,40.7563,00:00:00
55067,-73.7166,40.7417,11:20:00
54557,-73.9870,40.6060,00:40:00
54287,NULL,NULL,01:55:00
54036,-73.8331,40.6908,02:24:00
55296,-73.8638,40.7467,22:40:00
56854,-74.1663,40.6322,01:55:00
54455,-73.9884,40.6593,22:05:00
53356,-73.8958,40.7315,04:20:00
54568,-73.9845,40.6960,06:30:00
54241,-73.9035,40.8446,03:31:00
53471,-73.9287,40.8398,07:30:00
53124,-73.9755,40.6496,03:59:00
54046,-73.8613,40.8151,20:12:00
53136,NULL,NULL,00:00:00
53298,-73.8501,40.8188,14:00:00
53259,-73.9392,40.7483,12:15:00
53871,-73.9201,40.6611,05:00:00
53547,-73.9196,40.6547,00:00:00
53503,-73.9457,40.7118,05:51:00
53502,-73.9762,40.6836,19:30:00
53242,-73.9069,40.8112,14:00:00
53252,-73.8587,40.8558,06:00:00
53275,-73.9161,40.8490,04:32:00
54015,-73.9015,40.8129,01:24:00
52687,-73.8607,40.7563,06:00:00
55021,-74.1603,40.5509,23:12:00
54617,-74.0791,40.5968,23:51:00
53019,-74.0002,40.6353,02:03:00
52991,NULL,NULL,05:29:00
52813,NULL,NULL,23:43:00
54273,-74.1148,40.6423,23:30:00
52857,-73.9419,40.8228,23:30:00
53478,-73.8991,40.8571,15:00:00
52295,-73.9534,40.7448,23:30:00
57249,-74.1110,40.6107,23:05:00
53866,-73.9496,40.6512,11:55:00
51839,-73.9907,40.6891,09:01:00
51800,-73.7624,40.6917,18:45:00
52922,-73.9503,40.7006,04:00:00
51327,-73.9227,40.6341,00:05:00
51593,-73.9279,40.8106,08:25:00
51995,-73.8108,40.6752,22:40:00
52025,-73.7376,40.7165,18:04:00
51498,-73.7587,40.7646,16:20:00
51354,-73.7359,40.7591,17:40:00
51440,-73.7657,40.7548,17:46:00
51094,-73.9214,40.6914,00:39:00
51271,-73.8787,40.7435,05:25:00
52528,-73.7738,40.6597,19:00:00
51654,-73.9453,40.6186,13:30:00
51380,-73.9106,40.7448,23:14:00
51818,-73.8659,40.8299,18:35:00
51466,-73.9494,40.8355,00:30:00
50988,-73.8598,40.7118,05:39:00
50873,-73.9593,40.7593,01:50:00
51788,-73.9791,40.7801,01:40:00
50583,NULL,NULL,03:15:00
50821,-73.7959,40.6902,17:00:00
50643,-73.8337,40.7563,02:15:00
51073,-73.9209,40.8054,17:45:00
51219,-73.9224,40.8047,18:32:00
50922,-73.9549,40.8051,22:40:00
50491,-73.9116,40.8169,21:51:00
50069,NULL,NULL,05:00:00
50049,-73.9560,40.6391,04:53:00
50518,-74.0111,40.6133,21:35:00
50416,-73.8808,40.8441,22:22:00
51057,-74.1113,40.5818,23:00:00
50371,-73.8717,40.7468,06:15:00
50492,-73.9507,40.6541,12:00:00
50288,-73.7588,40.6646,07:35:00
50074,-73.8484,40.7928,22:35:00
50060,-74.0296,40.6049,23:50:00
50689,-73.9228,40.7740,13:34:00
50603,-73.9264,40.7716,13:24:00
50210,-73.9131,40.8452,04:15:00
50163,-73.9140,40.8486,04:45:00
50374,-73.9452,40.8159,03:40:00
50415,-73.8698,40.8826,05:10:00
50164,-73.8807,40.8375,05:00:00
50132,-74.1107,40.5933,19:40:00
49553,-73.8551,40.7415,02:05:00
50287,-73.8815,40.7375,05:37:00
53487,-73.9365,40.6709,22:00:00
50344,NULL,NULL,00:16:00
49493,-74.0140,40.6382,21:15:00
49631,-74.0013,40.6469,23:00:00
50286,-73.8957,40.7308,18:17:00
50351,-73.9260,40.8636,00:46:00
50411,-73.9294,40.8623,00:49:00
50528,-74.1104,40.5867,01:54:00
50298,-73.8557,40.8789,06:03:00
51007,-73.9300,40.6841,23:45:00
50290,-74.1065,40.6192,02:20:00
49094,-73.9643,40.7564,22:58:00
54228,-73.9772,40.6307,01:13:00
48672,-73.9735,40.7438,08:46:00
51321,-73.9216,40.7007,02:55:00
49418,-73.8797,40.7502,04:19:00
50223,-73.8619,40.7632,23:56:00
48072,-73.8965,40.6226,11:55:00
48403,NULL,NULL,16:27:00
48518,NULL,NULL,00:45:00
47600,-73.9434,40.8260,01:20:00
48338,-73.7608,40.6052,21:15:00
47464,-73.9028,40.7457,15:30:00
47055,-73.8725,40.7046,04:35:00
47331,-74.0219,40.6374,05:05:00
46997,-74.0311,40.6160,05:10:00
46939,-74.0125,40.7191,19:05:00
47038,NULL,NULL,01:00:00
47034,-73.8052,40.6851,21:16:00
46995,-73.9198,40.6714,02:12:00
47672,-73.8930,40.8601,02:10:00
46835,-73.8761,40.7039,04:40:00
46816,-74.0019,40.7194,03:46:00
46508,-73.9888,40.7535,04:05:00
46913,-74.2113,40.5568,04:10:00
46777,-73.9253,40.6791,06:50:00
46855,-73.8046,40.6773,14:54:00
48419,NULL,NULL,07:54:00
47241,-73.9198,40.6918,19:45:00
47220,-74.0121,40.6758,17:42:00
47186,-73.8667,40.8209,05:30:00
46829,-73.8627,40.8918,00:42:00
46813,-73.7516,40.5951,06:39:00
50244,-73.8308,40.8475,09:37:00
56420,-73.7899,40.7026,05:30:00
45972,-73.9617,40.7985,03:24:00
46759,-74.1399,40.5661,00:34:00
46009,-73.8266,40.6834,17:00:00
45898,-74.0047,40.6186,00:50:00
47080,-73.9361,40.7980,04:45:00
48396,-73.9479,40.6679,05:00:00
45877,-73.9530,40.6787,01:39:00
45750,NULL,NULL,02:30:00
45001,-73.9079,40.7130,04:07:00
46791,-73.9189,40.8316,09:50:00
47242,-74.0177,40.6450,04:05:00
45229,-73.9386,40.6294,21:30:00
48178,-73.9369,40.8149,23:35:00
45357,-74.0146,40.6513,19:01:00
44779,-74.1663,40.6322,00:00:00
44427,-73.9781,40.7457,18:30:00
44116,-73.8558,40.7311,01:30:00
44520,-73.9229,40.8133,19:40:00
44643,-73.9886,40.7691,06:30:00
44396,-74.0756,40.6185,07:00:00
43899,NULL,NULL,01:34:00
51856,-73.9841,40.7548,12:39:00
43871,NULL,NULL,23:16:00
43348,-73.9624,40.6985,00:13:00
42815,-73.9203,40.8626,21:28:00
42326,-73.9293,40.6513,15:44:00
42076,-73.9937,40.7416,03:55:00
42075,-73.9593,40.6529,03:35:00
42870,-73.9058,40.6483,04:59:00
40934,-73.7390,40.7571,01:02:00
42796,-73.9463,40.7922,22:54:00
41131,-73.8820,40.6846,02:09:00
41225,-73.9145,40.6478,15:45:00
40721,-73.8347,40.6671,20:15:00
40041,-74.0100,40.6301,10:40:00
39927,-73.8042,40.7160,20:54:00
40205,-73.9299,40.8011,23:30:00
40556,-73.9362,40.7756,22:35:00
39682,-74.2193,40.5451,00:25:00
39705,-73.7838,40.7199,02:30:00
39772,-74.0036,40.6447,04:10:00
39588,-73.8141,40.6826,03:45:00
39687,-73.8896,40.7391,04:15:00
39933,-74.1279,40.6247,23:52:00
39845,-73.9647,40.6224,06:16:00
40158,-73.9200,40.6528,03:55:00
39824,-73.8225,40.7037,02:09:00
39974,-73.9924,40.6361,23:00:00
39734,-73.8474,40.6839,12:25:00
40579,-73.9620,40.5815,18:10:00
40114,-73.8163,40.6893,03:25:00
39728,-73.9526,40.8082,17:35:00
39560,-73.9464,40.8090,03:20:00
40476,-73.9449,40.7068,04:52:00
39718,-73.8057,40.7047,03:57:00
39628,-73.9482,40.6644,16:28:00
39130,-73.8321,40.7028,04:00:00
38920,-73.9540,40.7071,09:15:00
39839,-74.1717,40.5592,22:20:00
39785,-73.9281,40.8651,21:30:00
39288,-73.9592,40.6405,17:08:00
39855,-74.1991,40.5467,21:40:00
39990,-73.8769,40.7562,00:13:00
38724,-73.9303,40.8133,19:00:00
38257,-73.9228,40.6671,01:30:00
38496,-73.8937,40.7604,22:00:00
38720,-74.0972,40.6319,13:00:00
38395,-73.8052,40.7516,02:40:00
39606,-73.9150,40.6394,04:02:00
44285,-73.9947,40.6896,07:27:00
37623,-73.9148,40.8252,00:53:00
37962,-73.9419,40.7007,22:29:00
42919,-73.8108,40.7021,04:30:00
37878,-73.7782,40.6919,21:00:00
39702,-73.9350,40.7612,04:00:00
37990,-73.9857,40.7179,21:30:00
37618,-73.9446,40.8410,19:46:00
37755,-73.8870,40.7591,21:14:00
37260,NULL,NULL,02:50:00
37413,-73.8064,40.7565,19:15:00
37171,-73.8130,40.7321,05:15:00
37645,-73.8460,40.9049,05:25:00
37233,-73.8970,40.8673,20:30:00
36998,-73.8090,40.6960,17:35:00
36735,-73.9743,40.6455,02:50:00
36803,NULL,NULL,17:00:00
36694,NULL,NULL,00:00:00
36614,-73.9726,40.6067,02:45:00
36367,-73.7726,40.6822,01:00:00
36332,-73.8257,40.7157,00:15:00
36335,-73.9547,40.6448,01:30:00
36418,-73.9044,40.7003,00:00:00
36582,-73.8766,40.7074,15:15:00
36359,0.0000,0.0000,18:50:00
36283,0.0000,0.0000,08:15:00
36510,-73.9761,40.7358,18:00:00
36647,NULL,NULL,20:18:00
36460,-73.7957,40.7051,04:20:00
36580,-73.8987,40.8140,23:45:00
36255,0.0000,0.0000,13:20:00
35875,-73.9007,40.8389,15:48:00
36661,-73.9837,40.6152,11:00:00
46643,-73.8641,40.7549,04:32:00
43659,-73.9177,40.6870,06:56:00
44296,NULL,NULL,02:16:00
47015,-74.1646,40.6199,03:20:00
46424,-74.0726,40.5984,22:00:00
43399,-73.9310,40.8040,02:16:00
42819,-73.9243,40.7022,01:07:00
42818,-73.8694,40.8974,03:30:00
42853,-73.9785,40.7411,03:05:00
42916,-73.8132,40.7009,00:01:00
43617,-73.8271,40.8317,00:00:00
43113,-73.8624,40.6537,22:35:00
42922,-73.9804,40.5830,19:28:00
43077,-73.8239,40.8251,23:22:00
43245,-73.8690,40.8578,16:37:00
43325,-73.9439,40.8236,03:20:00
44719,-74.0162,40.6072,18:40:00
36529,-73.9208,40.6979,21:20:00
35620,-73.9784,40.6879,23:05:00
35618,-73.9054,40.6964,19:27:00
37805,-73.9367,40.8272,01:00:00
35156,-74.1140,40.5728,01:25:00
35358,-73.9682,40.6373,17:10:00
36641,-74.2495,40.5083,10:18:00
35098,-73.9360,40.8121,23:00:00
35443,-73.9928,40.6681,06:48:00
35171,-73.8934,40.8365,09:20:00
35184,-73.8213,40.6725,02:00:00
35356,-73.7792,40.6917,14:50:00
35071,-73.9224,40.8361,21:21:00
35151,-73.8584,40.7540,18:30:00
34859,-73.7493,40.6083,15:50:00
35225,-73.8646,40.8596,22:28:00
35090,-73.8440,40.8560,03:15:00
34724,-74.0818,40.6173,17:40:00
34527,-73.7433,40.7526,07:49:00
34654,-73.8643,40.7608,18:00:00
34426,-73.7497,40.7698,00:00:00
34373,-73.8765,40.6425,01:30:00
34459,-73.8657,40.8830,00:45:00
34330,-73.9190,40.7787,16:40:00
34231,-73.8865,40.8747,10:20:00
34184,-73.8898,40.7480,02:49:00
34006,-73.8103,40.7401,07:45:00
33918,-73.9854,40.6783,02:33:00
33886,-73.9872,40.5780,18:45:00
33974,-73.8686,40.8521,02:48:00
33953,-73.9112,40.6731,00:21:00
33816,-73.9857,40.7179,21:44:00
34360,-74.1186,40.6155,14:30:00
34076,-73.8762,40.7716,17:10:00
33418,-73.8846,40.8323,21:50:00
33345,-73.7840,40.7033,22:01:00
33110,-73.9963,40.6997,13:30:00
36493,-73.7522,40.6945,06:20:00
33070,-73.8626,40.6864,18:45:00
33043,-73.8422,40.7641,19:10:00
32914,-73.7614,40.7005,00:20:00
32833,NULL,NULL,21:00:00
32412,-73.9929,40.6087,01:10:00
32613,-73.9879,40.6881,15:10:00
32646,-73.7500,40.7268,17:20:00
32722,-73.9635,40.6514,22:07:00
32461,-73.8571,40.6896,02:40:00
32392,-73.8918,40.7203,10:30:00
33313,-73.9014,40.8766,10:20:00
32640,-73.9390,40.8439,12:45:00
32411,NULL,NULL,03:34:00
33157,-73.9247,40.8124,21:00:00
32398,-73.8619,40.7631,14:40:00
32404,-73.8538,40.7550,18:17:00
32118,-73.7884,40.6820,20:36:00
31820,-73.9807,40.7013,00:59:00
32998,-73.8422,40.7623,06:25:00
31885,-73.8584,40.7350,22:06:00
31662,-73.8387,40.7000,19:15:00
31479,-73.8470,40.7801,20:05:00
31411,-73.7463,40.6913,19:41:00
31248,-73.9313,40.6606,01:40:00
32549,-73.9141,40.6988,19:00:00
31450,-73.9719,40.6764,01:01:00
31164,-73.8985,40.8132,00:03:00
31644,-74.1249,40.6317,08:40:00
31337,-73.8697,40.6822,17:45:00
31344,-73.7551,40.6085,00:20:00
31354,-73.8688,40.7554,22:29:00
31041,-73.9451,40.7402,10:07:00
31054,-73.8959,40.7376,17:05:00
32364,NULL,NULL,00:15:00
31316,-74.2135,40.5511,00:58:00
34395,-74.1146,40.6348,01:10:00
32747,-73.8759,40.8308,16:20:00
31837,-73.9458,40.7237,00:00:00
31018,-73.9136,40.7615,19:55:00
31699,-74.0023,40.6019,20:33:00
30846,-73.8634,40.8370,06:30:00
30747,-74.0244,40.6400,21:12:00
30578,-73.8509,40.7376,00:15:00
31646,-73.9233,40.8126,16:48:00
30906,-73.8234,40.7458,05:48:00
30433,-73.9360,40.6195,00:29:00
30316,-73.8892,40.7609,01:30:00
30430,-74.0098,40.6039,21:50:00
30571,-74.1217,40.6321,23:11:00
30386,-73.9052,40.8247,23:10:00
31900,-73.9398,40.6950,00:20:00
30083,-73.9716,40.6794,04:03:00
30425,-73.8388,40.8813,23:10:00
31420,-73.9395,40.7986,16:00:00
30372,-73.8714,40.8366,09:15:00
30407,-73.7537,40.6095,22:04:00
30126,-73.9200,40.8658,04:10:00
29883,-73.8962,40.7487,02:00:00
30574,-73.8633,40.6753,14:30:00
29878,-73.8054,40.6768,20:35:00
30939,NULL,NULL,21:35:00
30150,-73.7795,40.6784,02:20:00
29772,-73.8262,40.8211,22:35:00
29690,-73.9037,40.7449,16:25:00
29597,-73.8613,40.7449,20:05:00
28742,-73.9477,40.6697,00:00:00
28965,-74.0152,40.7085,22:26:00
28975,-73.9147,40.7134,22:25:00
29018,-73.9317,40.6869,20:30:00
28884,-73.9444,40.8347,01:20:00
28738,-73.9123,40.6994,20:30:00
28917,-73.9245,40.8283,17:32:00
29835,NULL,NULL,03:08:00
29189,-74.1428,40.6261,23:22:00
28675,-73.7536,40.6906,21:45:00
29825,-74.1977,40.5589,21:55:00
28446,-73.8969,40.7490,00:05:00
28541,-73.8420,40.8885,22:08:00
29091,-73.8060,40.7054,22:20:00
31371,-73.7939,40.6913,23:09:00
28313,-73.9236,40.8094,03:20:00
28731,-73.9553,40.6701,00:05:00
28229,-73.9386,40.7041,17:44:00
29797,-73.9850,40.7552,05:30:00
28174,-73.9425,40.6909,02:17:00
29040,-73.9511,40.8001,00:00:00
28036,-73.8389,40.8816,01:55:00
29371,-73.7365,40.7668,11:40:00
28874,-73.9226,40.6819,16:24:00
28015,-73.7546,40.6997,23:00:00
28140,NULL,NULL,15:50:00
27667,-73.8019,40.6760,17:30:00
29241,-73.9169,40.7429,20:00:00
27419,-73.8036,40.6705,03:45:00
29358,-73.9256,40.7645,03:08:00
27762,-73.9557,40.6447,06:33:00
27244,-73.9522,40.6570,02:00:00
28109,-73.8823,40.8231,04:00:00
28215,NULL,NULL,04:00:00
27598,-73.9381,40.6514,21:50:00
27316,-73.9017,40.8103,20:15:00
29704,-73.9547,40.6791,18:40:00
27261,-73.8636,40.8795,04:45:00
27473,-73.9774,40.7896,21:59:00
27731,-73.8878,40.8252,21:24:00
27014,-73.8574,40.8934,02:05:00
27325,-73.7376,40.7684,23:08:00
27241,-73.8795,40.6925,22:37:00
27548,NULL,NULL,19:47:00
27510,-73.9573,40.7743,07:35:00
27029,-73.7542,40.7170,21:45:00
27072,-73.8063,40.6808,19:12:00
26846,-73.9625,40.6528,01:19:00
27478,-73.9123,40.7194,00:05:00
26814,-73.8432,40.7817,04:20:00
27496,-73.9497,40.6785,20:00:00
27152,-73.7880,40.7010,06:18:00
27199,-73.7826,40.7054,04:50:00
26728,-73.9679,40.6932,17:40:00
26917,-73.8781,40.6433,18:15:00
26818,-73.8897,40.6338,21:30:00
27372,-73.7571,40.7223,22:15:00
26582,NULL,NULL,21:25:00
26723,-73.8817,40.8533,05:30:00
36228,-73.9821,40.6983,00:30:00
26474,-73.8897,40.8437,22:30:00
26095,-73.9678,40.6959,17:56:00
26950,-73.8709,40.7515,23:45:00
27075,-73.9372,40.6938,23:09:00
26320,-73.8906,40.8201,22:32:00
26060,-73.9281,40.8325,22:00:00
27657,-73.8878,40.8252,21:44:00
25661,-73.9368,40.8438,22:18:00
25633,-73.9466,40.8165,03:20:00
25792,-74.1172,40.5781,00:00:00
27295,-73.8460,40.8193,22:30:00
25230,-73.9283,40.7365,20:46:00
25247,-74.0232,40.6353,22:00:00
25722,-74.0940,40.6092,21:00:00
25858,-73.9509,40.6361,21:30:00
26355,-73.8761,40.7565,22:45:00
26408,-73.8780,40.7618,22:50:00
26188,-73.8843,40.7550,22:15:00
27895,-73.8619,40.7578,21:40:00
25155,-73.8072,40.6914,22:33:00
25680,-73.9350,40.7378,21:10:00
24641,-74.2463,40.5144,01:59:00
24143,-73.8991,40.7060,04:05:00
24115,-73.8829,40.8491,00:15:00
24485,-73.9215,40.6960,16:11:00
25647,-73.8164,40.8324,18:50:00
24256,-73.7670,40.7132,18:30:00
24114,-73.8411,40.8281,15:55:00
24821,-73.9437,40.8153,03:17:00
25071,-73.9675,40.7929,21:41:00
24461,-73.8528,40.8740,11:00:00
24089,-73.9083,40.7185,21:00:00
24147,-73.8064,40.5881,08:00:00
30068,-73.8701,40.8186,22:00:00
23971,-73.9102,40.7792,02:32:00
23538,-73.7777,40.7221,13:08:00
26543,-73.9506,40.6769,01:29:00
23861,-74.0013,40.7482,00:55:00
23959,-73.9849,40.6968,21:00:00
25642,-73.8666,40.6943,03:20:00
24425,-73.8183,40.6949,21:58:00
24360,-73.9560,40.8188,21:24:00
23523,NULL,NULL,21:18:00
23513,-73.9930,40.5900,01:10:00
26552,-73.8613,40.8864,12:30:00
23271,-73.9888,40.7369,20:40:00
23511,-74.1930,40.5883,20:57:00
23581,-74.0687,40.6069,20:15:00
22846,-73.7367,40.6940,21:56:00
23386,-73.9961,40.5936,01:10:00
22925,-73.9484,40.5837,22:29:00
22807,NULL,NULL,02:55:00
22496,NULL,NULL,05:40:00
22963,-73.9521,40.7872,04:35:00
22392,-73.7920,40.7633,02:15:00
22289,-74.0177,40.6164,02:00:00
23118,-73.9067,40.7533,01:03:00
22745,-73.8270,40.8478,19:20:00
23865,-73.9167,40.6196,20:25:00
22934,-73.9400,40.6807,02:00:00
22419,-73.9609,40.6228,22:17:00
27641,-73.8823,40.6524,04:50:00
23060,-73.9127,40.6009,18:30:00
22413,NULL,NULL,21:59:00
22353,-73.7577,40.7110,01:16:00
24048,-73.9358,40.8037,02:51:00
25698,-73.9185,40.7039,19:45:00
22479,-73.9297,40.8566,20:20:00
23154,-73.8673,40.7494,18:30:00
24169,-73.8813,40.7541,16:00:00
21819,-73.9673,40.5763,17:54:00
22017,-73.9064,40.6564,20:30:00
23832,-73.9437,40.8153,01:30:00
22160,-73.9007,40.8131,16:49:00
32570,-73.9218,40.6770,15:45:00
21826,-73.8673,40.7402,01:10:00
21569,-73.8542,40.7578,00:15:00
21458,-73.9541,40.7427,19:00:00
21209,-73.9217,40.8313,14:50:00
21553,-73.8911,40.8632,16:30:00
21148,-73.8098,40.6945,19:00:00
21104,-73.8969,40.7369,19:00:00
20800,-74.0088,40.6396,23:00:00
20942,NULL,NULL,22:09:00
20606,-73.9873,40.5853,08:25:00
20535,-73.9872,40.7333,02:27:00
21214,-73.8494,40.9057,21:05:00
20771,-73.8654,40.8661,23:30:00
20676,-73.8455,40.7400,19:48:00
20493,-73.9518,40.5842,14:40:00
20743,-73.9362,40.8147,03:06:00
20814,-73.9530,40.8258,08:15:00
20874,-73.9141,40.8333,00:12:00
20198,-73.8869,40.7025,05:21:00
20455,-73.9941,40.7616,21:00:00
20308,-73.9383,40.8509,01:00:00
22733,-73.9255,40.6659,21:30:00
20924,-73.9314,40.6661,22:45:00
20148,-73.9028,40.6575,21:00:00
19966,-73.7825,40.5930,21:20:00
19688,-73.8595,40.7579,15:20:00
20731,-73.9037,40.6571,03:35:00
19318,-73.8707,40.6782,00:05:00
19198,-73.7823,40.7081,20:00:00
19233,-73.8972,40.8304,20:01:00
19297,-73.9091,40.8132,00:00:00
19185,-73.8941,40.8570,17:15:00
18788,-73.8864,40.8503,01:30:00
19063,-73.8859,40.6304,08:30:00
19028,-73.9859,40.7130,21:30:00
20965,-73.9973,40.5986,00:40:00
18732,-73.9390,40.6415,03:20:00
18836,-73.8035,40.7367,22:00:00
18604,-74.0031,40.7269,16:10:00
18713,-73.8945,40.6926,07:08:00
18676,-73.8733,40.8380,17:08:00
19317,-73.9874,40.6663,22:45:00
18932,-73.8377,40.7105,22:00:00
19522,-73.8775,40.8357,03:59:00
19306,-74.0083,40.5755,23:36:00
18668,-73.9715,40.6962,22:30:00
18296,-73.9489,40.7213,17:00:00
18810,-73.9232,40.8087,06:10:00
18395,-73.9067,40.6540,02:20:00
18426,-73.9021,40.7538,09:00:00
18480,-73.9925,40.6697,18:29:00
18372,-73.8617,40.7508,00:36:00
18176,-73.8167,40.6940,16:48:00
17972,-73.8421,40.7206,13:30:00
17545,-73.8980,40.8624,10:08:00
17487,NULL,NULL,21:35:00
17150,-73.9573,40.8094,01:33:00
22761,-73.9515,40.7995,05:50:00
17234,-73.8726,40.8787,01:35:00
17209,-74.0985,40.5812,13:30:00
21088,-73.8943,40.6379,22:00:00
17761,-73.8778,40.8395,22:47:00
24825,-73.9782,40.6303,00:20:00
20979,-73.9986,40.6288,04:46:00
17306,-73.8439,40.8284,18:00:00
18738,NULL,NULL,19:36:00
17203,-73.8983,40.6379,01:40:00
16920,-73.8192,40.6919,01:50:00
16915,-73.9440,40.7947,16:03:00
18204,-73.9350,40.6186,08:55:00
16203,-74.0765,40.6439,01:00:00
17041,-73.8937,40.6953,22:05:00
16738,-73.9482,40.6641,02:15:00
16063,-73.7609,40.6663,19:44:00
16597,-73.9464,40.6962,00:50:00
17247,-73.9302,40.7520,06:30:00
15958,-73.9104,40.8619,13:34:00
15885,-73.7957,40.6738,22:30:00
15736,-73.8489,40.7079,21:00:00
16742,-73.9431,40.6223,09:20:00
14925,-73.9186,40.6611,03:20:00
17371,-73.9753,40.7265,20:31:00
15534,-73.9806,40.7699,23:10:00
22697,-73.7664,40.7069,02:05:00
14994,-73.9412,40.8392,01:05:00
15739,-73.9354,40.7614,23:12:00
14316,-73.9448,40.7198,00:40:00
15114,-73.8232,40.6866,04:00:00
14753,-73.7800,40.6914,00:00:00
14700,-73.8011,40.8656,23:50:00
32825,-73.9248,40.6772,18:53:00
14988,-74.0232,40.6138,22:20:00
14724,-73.8411,40.7863,22:38:00
14416,-73.9106,40.8192,23:55:00
14856,-73.9890,40.6287,15:07:00
14307,-73.9807,40.6309,11:20:00
14498,-73.8136,40.5894,20:45:00
14781,-73.9181,40.8554,03:20:00
15225,-73.9230,40.6844,04:36:00
14374,NULL,NULL,03:28:00
13997,NULL,NULL,19:55:00
14412,-73.9091,40.6593,23:20:00
17790,-73.9293,40.8126,15:25:00
14424,-73.9160,40.8410,09:15:00
14229,-73.9987,40.7120,19:01:00
14181,-73.9523,40.7409,05:41:00
13523,-73.7513,40.6837,21:00:00
13304,NULL,NULL,23:01:00
13108,-73.9109,40.6763,20:20:00
12560,-73.7876,40.7520,01:45:00
13367,-73.9499,40.8221,20:20:00
13392,-73.8710,40.7112,15:30:00
13086,-73.8838,40.7123,13:39:00
12847,-73.7934,40.6753,23:55:00
14873,-73.9308,40.6915,00:30:00
13204,-73.9366,40.6908,21:10:00
12478,-73.8248,40.5813,18:45:00
12722,-73.7895,40.8466,03:45:00
12614,-73.7799,40.6761,21:22:00
15979,-73.9772,40.7643,22:05:00
12626,-73.8535,40.8798,22:23:00
12731,-73.8276,40.7050,07:15:00
14608,-73.8616,40.8655,02:40:00
13436,-73.9210,40.6365,00:45:00
13035,-73.8371,40.8670,00:05:00
12938,-73.9190,40.8645,03:45:00
12631,-73.9565,40.7189,20:50:00
12671,-73.9318,40.8542,23:15:00
12148,-73.8936,40.6628,03:40:00
16792,NULL,NULL,00:00:00
11497,-73.9566,40.5996,19:50:00
11252,-74.2130,40.5547,17:52:00
11256,-73.8912,40.8255,00:23:00
11539,NULL,NULL,22:44:00
10888,-73.8189,40.7072,02:07:00
10733,-73.9998,40.6415,07:18:00
10720,NULL,NULL,22:50:00
11013,-73.9055,40.7616,09:02:00
10645,-73.9035,40.6572,10:50:00
10558,NULL,NULL,07:35:00
10494,-73.8606,40.7477,04:34:00
10774,-73.7466,40.6949,00:00:00
11633,-74.0861,40.6482,19:05:00
10433,-73.8912,40.7511,15:30:00
10465,-73.8917,40.6599,00:25:00
10825,-73.8929,40.8219,23:54:00
10602,-73.9421,40.6962,04:00:00
10092,-73.8746,40.7348,06:30:00
9820,-73.9356,40.8505,01:59:00
9758,-73.8753,40.7202,00:15:00
10049,-73.8297,40.6936,01:16:00
10127,-73.8447,40.8181,19:35:00
9718,-73.7797,40.7086,20:25:00
9777,-73.8868,40.8371,22:13:00
9663,-73.9973,40.6473,03:36:00
15715,-73.8701,40.7553,02:15:00
9015,-73.9214,40.7669,02:10:00
9112,-73.8680,40.9017,15:10:00
11040,-73.8574,40.8934,15:00:00
10448,-73.8975,40.7126,23:37:00
11150,-73.8626,40.8974,15:15:00
8494,-73.9081,40.8163,21:05:00
8098,-73.9141,40.8333,22:30:00
8188,-73.8514,40.8503,22:25:00
7787,-73.7698,40.6838,03:30:00
7765,-73.7932,40.7149,06:15:00
8194,-74.0228,40.6435,23:10:00
8251,-74.2359,40.5075,00:15:00
8577,-74.0889,40.6303,01:15:00
8047,-73.7698,40.7059,21:10:00
8304,-73.9304,40.6766,18:55:00
10483,-73.7408,40.7123,22:15:00
7521,-73.9119,40.6704,19:00:00
7306,-73.9060,40.6780,23:03:00
7663,-73.8968,40.6602,23:06:00
7175,-74.0256,40.6049,00:10:00
8294,-73.8712,40.6802,04:58:00
7121,-73.8969,40.6757,23:39:00
7030,-73.9524,40.7188,17:50:00
7404,-73.9246,40.6892,23:05:00
6591,-73.9128,40.8619,13:56:00
6442,NULL,NULL,21:27:00
6040,-73.8870,40.8351,23:25:00
6311,-73.8546,40.7216,22:20:00
7148,-73.9357,40.6924,02:00:00
6822,-73.9321,40.8052,16:30:00
6384,-73.8484,40.8339,21:37:00
5838,NULL,NULL,05:30:00
6369,-73.9829,40.6194,20:52:00
6154,-73.8115,40.6833,19:00:00
6165,-73.8785,40.7490,00:06:00
5776,-73.9060,40.8494,23:20:00
5453,NULL,NULL,03:13:00
17291,-73.9847,40.5936,20:34:00
5432,NULL,NULL,16:50:00
5981,-73.8675,40.8442,07:52:00
5442,-73.8925,40.7477,21:15:00
5507,-73.8282,40.7512,04:10:00
5015,-73.9311,40.6967,00:00:00
5458,-74.1147,40.6113,16:50:00
5314,-73.9191,40.8527,20:38:00
5474,-74.1449,40.5540,20:15:00
5671,-73.9265,40.7521,01:08:00
5075,-73.8911,40.8539,12:55:00
5000,-73.8024,40.7126,21:00:00
4697,-73.8510,40.9026,06:50:00
5900,-73.9577,40.6566,05:30:00
4470,-73.7771,40.7783,16:04:00
4035,-73.8098,40.6838,20:44:00
4216,-73.9611,40.6185,03:51:00
4000,-73.7195,40.7330,20:30:00
8182,-73.9393,40.6890,01:50:00
4149,-73.9015,40.7226,03:38:00
4480,-73.8744,40.8791,18:29:00
4070,-73.8404,40.6769,21:30:00
5488,-74.0104,40.5765,15:00:00
3387,NULL,NULL,00:52:00
3859,-73.9112,40.6731,21:08:00
68174,-73.8063,40.6910,22:52:00
3837,-73.9306,40.6741,00:40:00
4745,-73.9411,40.8009,00:28:00
3445,-73.9848,40.6869,00:26:00
3648,-73.8237,40.7139,08:10:00
3508,NULL,NULL,06:30:00
3795,-73.7846,40.7760,05:10:00
3491,-73.8405,40.6617,21:00:00
3254,-73.9123,40.8447,01:16:00
3316,-73.9681,40.6299,02:31:00
5696,-73.7716,40.6680,17:00:00
3309,-73.9119,40.8514,18:35:00
3070,NULL,NULL,07:40:00
2926,-73.9034,40.6984,19:00:00
3502,-73.9391,40.7522,08:00:00
7275,-73.8099,40.6914,23:00:00
2367,-73.8918,40.8619,00:37:00
2881,-73.8875,40.8510,09:21:00
2048,-73.9056,40.8532,02:09:00
1928,-74.0054,40.6567,15:00:00
1696,-73.9702,40.6300,01:05:00
2040,-73.9127,40.7072,23:18:00
1775,-73.8129,40.7651,06:04:00
1926,-73.9451,40.5812,00:23:00
2871,-73.8406,40.6999,23:45:00
2135,-73.8699,40.8249,23:33:00
2403,-73.9419,40.8228,20:20:00
2176,-73.9838,40.7215,23:40:00
2086,-73.7933,40.6957,05:00:00
1752,-73.9192,40.6378,00:00:00
1466,NULL,NULL,01:39:00
1327,-73.9461,40.7411,05:10:00
1528,-73.9689,40.6417,04:50:00
1879,-73.8862,40.6713,02:55:00
2113,-73.8643,40.7559,23:23:00
2143,-74.2377,40.5166,21:45:00
2047,-73.8076,40.7149,05:24:00
1991,-74.1030,40.6158,22:45:00
876,NULL,NULL,00:30:00
2106,-73.8644,40.8688,22:15:00
1190,NULL,NULL,23:58:00
1356,-73.9272,40.8741,20:00:00
768,-74.0048,40.6249,12:10:00
731,-74.0911,40.6088,20:07:00
808,-73.8648,40.7369,21:00:00
958,-73.7918,40.6662,22:00:00
575,-73.9002,40.8590,07:45:00
957,-73.8887,40.8178,20:44:00
409,-73.9070,40.8283,06:50:00
379,-73.9523,40.8239,20:45:00
115,-73.8772,40.8792,04:06:00
300,-73.9956,40.6002,23:15:00
192,NULL,NULL,17:50:00
78,-73.9060,40.6509,04:10:00
185,NULL,NULL,00:51:00
769,-73.8773,40.7255,18:00:00
760,-74.0195,40.6433,10:50:00
865,-73.9282,40.6708,03:32:00
416,-73.9599,40.6556,00:12:00
